{"epoch": 13, "loss": 0.7413336900343378, "overall_accuracy": 0.7116666666666664, "balanced_accuracy": 0.6532318471031278, "kappa": 0.6155548440119671, "val_loss": 0.7551246257389292, "val_overall_accuracy": 0.7163394607843139, "val_balanced_accuracy": 0.6558466259982695, "val_kappa": 0.5943818519432528, "_timestamp": 1710899009.1374147, "_runtime": 337.5645477771759, "_step": 12, "gradients/classification.weight": {"_type": "histogram", "values": [1.0, 2.0, 1.0, 2.0, 1.0, 0.0, 0.0, 3.0, 1.0, 0.0, 2.0, 3.0, 1.0, 3.0, 3.0, 11.0, 12.0, 35.0, 53.0, 109.0, 205.0, 361.0, 713.0, 1389.0, 2786.0, 2229.0, 1105.0, 575.0, 286.0, 158.0, 78.0, 36.0, 30.0, 15.0, 7.0, 5.0, 2.0, 2.0, 3.0, 1.0, 1.0, 1.0, 1.0, 2.0, 0.0, 1.0, 1.0, 0.0, 0.0, 1.0, 0.0, 0.0, 1.0, 0.0, 0.0, 0.0, 0.0, 0.0, 0.0, 0.0, 0.0, 0.0, 0.0, 2.0], "bins": [-0.06795560568571091, -0.06521783024072647, -0.06248006224632263, -0.059742286801338196, -0.05700451880693436, -0.05426674336194992, -0.05152897164225578, -0.048791199922561646, -0.04605342820286751, -0.04331565648317337, -0.04057788476347923, -0.037840113043785095, -0.03510233759880066, -0.03236456960439682, -0.029626794159412384, -0.026889022439718246, -0.02415125072002411, -0.02141347900032997, -0.018675707280635834, -0.015937933698296547, -0.01320016197860241, -0.010462390258908272, -0.007724616676568985, -0.004986844956874847, -0.00224907323718071, 0.000488698948174715, 0.00322647113353014, 0.005964243784546852, 0.00870201550424099, 0.011439787223935127, 0.014177560806274414, 0.01691533252596855, 0.019653111696243286, 0.022390883415937424, 0.02512865513563156, 0.027866428717970848, 0.030604200437664986, 0.03334197402000427, 0.03607974573969841, 0.03881751745939255, 0.041555289179086685, 0.04429306089878082, 0.04703083261847496, 0.0497686043381691, 0.052506379783153534, 0.05524414777755737, 0.05798192322254181, 0.06071969494223595, 0.06345746666193008, 0.06619524210691452, 0.06893301010131836, 0.0716707855463028, 0.07440855354070663, 0.07714632898569107, 0.07988409698009491, 0.08262187242507935, 0.08535964787006378, 0.08809742331504822, 0.09083519130945206, 0.09357296675443649, 0.09631073474884033, 0.09904851019382477, 0.1017862856388092, 0.10452405363321304, 0.10726182162761688]}, "gradients/classification.bias": {"_type": "histogram", "values": [1.0, 0.0, 0.0, 0.0, 0.0, 0.0, 1.0, 0.0, 0.0, 0.0, 0.0, 0.0, 0.0, 0.0, 0.0, 0.0, 0.0, 0.0, 0.0, 0.0, 0.0, 0.0, 0.0, 0.0, 0.0, 0.0, 0.0, 0.0, 0.0, 0.0, 0.0, 0.0, 0.0, 0.0, 0.0, 0.0, 0.0, 0.0, 0.0, 0.0, 0.0, 0.0, 1.0, 1.0, 0.0, 0.0, 0.0, 0.0, 0.0, 0.0, 0.0, 0.0, 0.0, 0.0, 0.0, 0.0, 0.0, 0.0, 0.0, 0.0, 0.0, 0.0, 0.0, 1.0], "bins": [-0.14456172287464142, -0.13994954526424408, -0.13533736765384674, -0.1307251900434494, -0.12611301243305206, -0.12150083482265472, -0.11688865721225739, -0.11227647960186005, -0.10766430199146271, -0.10305212438106537, -0.09843994677066803, -0.09382776916027069, -0.08921559154987335, -0.08460341393947601, -0.07999123632907867, -0.07537905871868134, -0.070766881108284, -0.06615470349788666, -0.06154252588748932, -0.05693034827709198, -0.05231817066669464, -0.0477059930562973, -0.04309381544589996, -0.038481637835502625, -0.033869460225105286, -0.029257282614707947, -0.024645105004310608, -0.02003292739391327, -0.01542074978351593, -0.010808572173118591, -0.0061963945627212524, -0.0015842169523239136, 0.0030279457569122314, 0.00764012336730957, 0.01225230097770691, 0.016864478588104248, 0.021476656198501587, 0.026088833808898926, 0.030701011419296265, 0.035313189029693604, 0.03992536664009094, 0.04453754425048828, 0.04914972186088562, 0.05376189947128296, 0.0583740770816803, 0.06298625469207764, 0.06759843230247498, 0.07221060991287231, 0.07682278752326965, 0.08143496513366699, 0.08604714274406433, 0.09065932035446167, 0.09527149796485901, 0.09988367557525635, 0.10449585318565369, 0.10910803079605103, 0.11372020840644836, 0.1183323860168457, 0.12294456362724304, 0.12755674123764038, 0.13216891884803772, 0.13678109645843506, 0.1413932740688324, 0.14600545167922974, 0.15061762928962708]}, "gradients/temporal_block.weight_ih_l0": {"_type": "histogram", "