{"epoch": 1, "loss": 1.5573486467687094, "overall_accuracy": 0.36835746951219506, "balanced_accuracy": 0.2893596464953514, "kappa": 0.13740364463587185, "val_loss": 1.5052204898425512, "val_overall_accuracy": 0.34251364087301583, "val_balanced_accuracy": 0.3246576782334079, "val_kappa": 0.14225347031030902, "_timestamp": 1710894214.7999935, "_runtime": 36.305057525634766, "_step": 0, "_wandb": {"runtime": 36}}