{"epoch": 3, "loss": 1.4939402212579567, "overall_accuracy": 0.3865135542168675, "balanced_accuracy": 0.27029609041302355, "kappa": 0.12746874606437064, "val_loss": 1.5279082761091345, "val_overall_accuracy": 0.3463933823529411, "val_balanced_accuracy": 0.25522143521248897, "val_kappa": 0.049517846902825055, "_timestamp": 1710897240.0363245, "_runtime": 109.46842861175537, "_step": 2, "_wandb": {"runtime": 109}}